<Customization level="0" description="">
    <Table TableName="ARTran">
        <Column TableName="ARTran" ColumnName="UsrRSRentQty" ColumnType="int" AllowNull="True" MaxLength="25" DecimalPrecision="2" IsNewColumn="True" IsUnicode="True" />
        <Column TableName="ARTran" ColumnName="UsrRSSchedQty" ColumnType="int" AllowNull="True" MaxLength="25" DecimalPrecision="2" IsNewColumn="True" IsUnicode="True" />
        <Column TableName="ARTran" ColumnName="UsrRSBillFrom" ColumnType="date" AllowNull="True" MaxLength="25" DecimalPrecision="2" IsNewColumn="True" IsUnicode="True" />
        <Column TableName="ARTran" ColumnName="UsrRSBillTo" ColumnType="date" AllowNull="True" MaxLength="25" DecimalPrecision="2" IsNewColumn="True" IsUnicode="True" />
    </Table>
    <DAC type="PX.Objects.AR.ARTran">
        <Field FieldName="UsrRSRentQty" TypeName="int" MapDbTable="ARTran" TextAttributes="#CDATA" StorageName="AddColumn">
            <CDATA name="TextAttributes"><![CDATA[[PXDBInt]
[PXUIField(DisplayName="RentQty")]
]]></CDATA>
        </Field>
        <Field FieldName="UsrRSSchedQty" TypeName="int" MapDbTable="ARTran" TextAttributes="#CDATA" StorageName="AddColumn">
            <CDATA name="TextAttributes"><![CDATA[[PXDBInt]
[PXUIField(DisplayName="SchedQty")]
]]></CDATA>
        </Field>
        <Field FieldName="UsrRSBillFrom" TypeName="date" MapDbTable="ARTran" TextAttributes="#CDATA" StorageName="AddColumn">
            <CDATA name="TextAttributes"><![CDATA[[PXDBDate]
[PXUIField(DisplayName="BillFrom")]
]]></CDATA>
        </Field>
        <Field FieldName="UsrRSBillTo" TypeName="date" MapDbTable="ARTran" TextAttributes="#CDATA" StorageName="AddColumn">
            <CDATA name="TextAttributes"><![CDATA[[PXDBDate]
[PXUIField(DisplayName="BillTo")]
]]></CDATA>
        </Field>
    </DAC>
</Customization>