<Customization level="0" description="">
    <Table TableName="InventoryItem">
        <Column TableName="InventoryItem" ColumnName="UsrRSDaysInFromUnit" ColumnType="int" AllowNull="True" MaxLength="25" DecimalPrecision="2" IsNewColumn="True" IsUnicode="True" />
        <Column TableName="InventoryItem" ColumnName="UsrRSSerialized" ColumnType="bool" AllowNull="True" MaxLength="25" DecimalPrecision="2" IsNewColumn="True" IsUnicode="True" />
    </Table>
    <DAC type="PX.Objects.IN.InventoryItem">
        <Field FieldName="UsrRSDaysInFromUnit" TypeName="int" MapDbTable="InventoryItem" TextAttributes="#CDATA" StorageName="AddColumn">
            <CDATA name="TextAttributes"><![CDATA[[PXDBInt]
[PXUIField(DisplayName="DaysInFromUnit")]
]]></CDATA>
        </Field>
        <Field FieldName="UsrRSSerialized" TypeName="bool" MapDbTable="InventoryItem" TextAttributes="#CDATA" StorageName="AddColumn">
            <CDATA name="TextAttributes"><![CDATA[[PXDBBool]
[PXUIField(DisplayName="Serialized")]
]]></CDATA>
        </Field>
    </DAC>
</Customization>