<Customization level="0" description="">
    <Table TableName="INUnit">
        <Column TableName="INUnit" ColumnName="UsrRSDaysInFromUnit" ColumnType="int" AllowNull="True" MaxLength="25" DecimalPrecision="2" IsNewColumn="True" IsUnicode="True" />
    </Table>
    <DAC type="PX.Objects.IN.INUnit">
        <Field FieldName="UsrRSDaysInFromUnit" TypeName="int" MapDbTable="INUnit" TextAttributes="#CDATA" StorageName="AddColumn">
            <CDATA name="TextAttributes"><![CDATA[[PXDBInt]
[PXUIField(DisplayName="DaysInFromUnit")]
]]></CDATA>
        </Field>
    </DAC>
</Customization>