<Customization level="0" description="">
    <DAC type="PX.Objects.SO.SOLine">
        <Field FieldName="UsrRSRentFrom" TypeName="date" MapDbTable="SOLine" TextAttributes="#CDATA" StorageName="AddColumn">
            <CDATA name="TextAttributes"><![CDATA[[PXDBDate]
[PXUIField(DisplayName="RentFrom")]
]]></CDATA>
        </Field>
        <Field FieldName="UsrRSRentQty" TypeName="int" MapDbTable="SOLine" TextAttributes="#CDATA" StorageName="AddColumn">
            <CDATA name="TextAttributes"><![CDATA[[PXDBInt]
[PXUIField(DisplayName="RentQty")]
]]></CDATA>
        </Field>
        <Field FieldName="UsrRSCycle" TypeName="int" MapDbTable="SOLine" TextAttributes="#CDATA" StorageName="AddColumn">
            <CDATA name="TextAttributes"><![CDATA[[PXDBInt]
[PXUIField(DisplayName="Cycle")]
]]></CDATA>
        </Field>
        <Field FieldName="UsrRSRentTo" TypeName="date" MapDbTable="SOLine" TextAttributes="#CDATA" StorageName="AddColumn">
            <CDATA name="TextAttributes"><![CDATA[[PXDBDate]
[PXUIField(DisplayName="RentTo")]
]]></CDATA>
        </Field>
        <Field FieldName="UsrRSSubrentalStatus" TypeName="int" MapDbTable="SOLine" TextAttributes="#CDATA" StorageName="AddColumn">
            <CDATA name="TextAttributes"><![CDATA[[PXDBInt]
[PXUIField(DisplayName="SubrentalStatus")]
]]></CDATA>
        </Field>
        <Field FieldName="UsrRSTranOut" TypeName="int" MapDbTable="SOLine" TextAttributes="#CDATA" StorageName="AddColumn">
            <CDATA name="TextAttributes"><![CDATA[[PXDBInt]
[PXUIField(DisplayName="TranOut")]
]]></CDATA>
        </Field>
        <Field FieldName="UsrRSTranIn" TypeName="int" MapDbTable="SOLine" TextAttributes="#CDATA" StorageName="AddColumn">
            <CDATA name="TextAttributes"><![CDATA[[PXDBInt]
[PXUIField(DisplayName="TranIn")]
]]></CDATA>
        </Field>
        <Field FieldName="UsrRSLotSerNbr" TypeName="string" MapDbTable="SOLine" TextAttributes="#CDATA" StorageName="AddColumn">
            <CDATA name="TextAttributes"><![CDATA[[PXDBString(25)]
[PXUIField(DisplayName="LotSerNbr")]
]]></CDATA>
        </Field>
        <Field FieldName="UsrRSAutoRenewal" TypeName="int" MapDbTable="SOLine" TextAttributes="#CDATA" StorageName="AddColumn">
            <CDATA name="TextAttributes"><![CDATA[[PXDBInt]
[PXUIField(DisplayName="AutoRenewal")]
]]></CDATA>
        </Field>
        <Field FieldName="UsrRSAvailability" TypeName="int" MapDbTable="SOLine" TextAttributes="#CDATA" StorageName="AddColumn">
            <CDATA name="TextAttributes"><![CDATA[[PXDBInt]
[PXUIField(DisplayName="Availability")]
]]></CDATA>
        </Field>
        <Field FieldName="UsrRSVehiclePickup" TypeName="int" MapDbTable="SOLine" TextAttributes="#CDATA" StorageName="AddColumn">
            <CDATA name="TextAttributes"><![CDATA[[PXDBInt]
[PXUIField(DisplayName="VehiclePickup")]
]]></CDATA>
        </Field>
        <Field FieldName="UsrRSVehicleDeliver" TypeName="int" MapDbTable="SOLine" TextAttributes="#CDATA" StorageName="AddColumn">
            <CDATA name="TextAttributes"><![CDATA[[PXDBInt]
[PXUIField(DisplayName="VehicleDeliver")]
]]></CDATA>
        </Field>
        <Field FieldName="UsrRSLastRentSchDetNbr" TypeName="int" MapDbTable="SOLine" TextAttributes="#CDATA" StorageName="AddColumn">
            <CDATA name="TextAttributes"><![CDATA[[PXDBInt]
[PXUIField(DisplayName="LastRentSchDetNbr")]
]]></CDATA>
        </Field>
        <Field FieldName="UsrRSMeterRead1" TypeName="string" MapDbTable="SOLine" TextAttributes="#CDATA" StorageName="AddColumn">
            <CDATA name="TextAttributes"><![CDATA[[PXDBString(25)]
[PXUIField(DisplayName="MeterRead1")]
]]></CDATA>
        </Field>
        <Field FieldName="UsrRSMeterRead2" TypeName="string" MapDbTable="SOLine" TextAttributes="#CDATA" StorageName="AddColumn">
            <CDATA name="TextAttributes"><![CDATA[[PXDBString(25)]
[PXUIField(DisplayName="MeterRead2")]
]]></CDATA>
        </Field>
        <Field FieldName="UsrRSMeterRed3" TypeName="string" MapDbTable="SOLine" TextAttributes="#CDATA" StorageName="AddColumn">
            <CDATA name="TextAttributes"><![CDATA[[PXDBString(25)]
[PXUIField(DisplayName="MeterRed3")]
]]></CDATA>
        </Field>
        <Field FieldName="UsrRSInspectedBy" TypeName="guid" MapDbTable="SOLine" TextAttributes="#CDATA" StorageName="AddColumn">
            <CDATA name="TextAttributes"><![CDATA[[PXDBGuid]
[PXUIField(DisplayName="InspectedBy")]
]]></CDATA>
        </Field>
        <Field FieldName="UsrRSInspectedDate" TypeName="date" MapDbTable="SOLine" TextAttributes="#CDATA" StorageName="AddColumn">
            <CDATA name="TextAttributes"><![CDATA[[PXDBDate]
[PXUIField(DisplayName="InspectedDate")]
]]></CDATA>
        </Field>
        <Field FieldName="UsrRSReturnCondition" TypeName="bool" MapDbTable="SOLine" TextAttributes="#CDATA" StorageName="AddColumn">
            <CDATA name="TextAttributes"><![CDATA[[PXDBBool]
[PXUIField(DisplayName="ReturnCondition")]
]]></CDATA>
        </Field>
    </DAC>
    <Table TableName="SOLine">
        <Column TableName="SOLine" ColumnName="UsrRSRentFrom" ColumnType="date" AllowNull="True" MaxLength="25" DecimalPrecision="2" IsNewColumn="True" IsUnicode="True" />
        <Column TableName="SOLine" ColumnName="UsrRSRentQty" ColumnType="int" AllowNull="True" MaxLength="25" DecimalPrecision="2" IsNewColumn="True" IsUnicode="True" />
        <Column TableName="SOLine" ColumnName="UsrRSCycle" ColumnType="int" AllowNull="True" MaxLength="25" DecimalPrecision="2" IsNewColumn="True" IsUnicode="True" />
        <Column TableName="SOLine" ColumnName="UsrRSRentTo" ColumnType="date" AllowNull="True" MaxLength="25" DecimalPrecision="2" IsNewColumn="True" IsUnicode="True" />
        <Column TableName="SOLine" ColumnName="UsrRSSchedQty" ColumnType="int" AllowNull="True" MaxLength="25" DecimalPrecision="2" IsNewColumn="True" IsUnicode="True" />
        <Column TableName="SOLine" ColumnName="UsrRSSubrentalStatus" ColumnType="int" AllowNull="True" MaxLength="25" DecimalPrecision="2" IsNewColumn="True" IsUnicode="True" />
        <Column TableName="SOLine" ColumnName="UsrRSTranOut" ColumnType="int" AllowNull="True" MaxLength="25" DecimalPrecision="2" IsNewColumn="True" IsUnicode="True" />
        <Column TableName="SOLine" ColumnName="UsrRSTranIn" ColumnType="int" AllowNull="True" MaxLength="25" DecimalPrecision="2" IsNewColumn="True" IsUnicode="True" />
        <Column TableName="SOLine" ColumnName="UsrRSLotSerNbr" ColumnType="string" AllowNull="True" MaxLength="25" DecimalPrecision="2" DecimalLength="25" IsNewColumn="True" IsUnicode="True" />
        <Column TableName="SOLine" ColumnName="UsrRSAutoRenewal" ColumnType="int" AllowNull="True" MaxLength="25" DecimalPrecision="2" IsNewColumn="True" IsUnicode="True" />
        <Column TableName="SOLine" ColumnName="UsrRSAvailability" ColumnType="int" AllowNull="True" MaxLength="25" DecimalPrecision="2" IsNewColumn="True" IsUnicode="True" />
        <Column TableName="SOLine" ColumnName="UsrRSVehiclePickup" ColumnType="int" AllowNull="True" MaxLength="25" DecimalPrecision="2" IsNewColumn="True" IsUnicode="True" />
        <Column TableName="SOLine" ColumnName="UsrRSVehicleDeliver" ColumnType="int" AllowNull="True" MaxLength="25" DecimalPrecision="2" IsNewColumn="True" IsUnicode="True" />
        <Column TableName="SOLine" ColumnName="UsrRSLastRentSchDetNbr" ColumnType="int" AllowNull="True" MaxLength="25" DecimalPrecision="2" IsNewColumn="True" IsUnicode="True" />
        <Column TableName="SOLine" ColumnName="UsrRSMeterRead1" ColumnType="string" AllowNull="True" MaxLength="25" DecimalPrecision="2" DecimalLength="25" IsNewColumn="True" IsUnicode="True" />
        <Column TableName="SOLine" ColumnName="UsrRSMeterRead2" ColumnType="string" AllowNull="True" MaxLength="25" DecimalPrecision="2" DecimalLength="25" IsNewColumn="True" IsUnicode="True" />
        <Column TableName="SOLine" ColumnName="UsrRSMeterRed3" ColumnType="string" AllowNull="True" MaxLength="25" DecimalPrecision="2" DecimalLength="25" IsNewColumn="True" IsUnicode="True" />
        <Column TableName="SOLine" ColumnName="UsrRSReturnCondition" ColumnType="bool" AllowNull="True" MaxLength="25" DecimalPrecision="2" IsNewColumn="True" IsUnicode="True" />
        <Column TableName="SOLine" ColumnName="UsrRSInspectedBy" ColumnType="guid" AllowNull="True" MaxLength="25" DecimalPrecision="2" IsNewColumn="True" IsUnicode="True" />
        <Column TableName="SOLine" ColumnName="UsrRSInspectedDate" ColumnType="date" AllowNull="True" MaxLength="25" DecimalPrecision="2" IsNewColumn="True" IsUnicode="True" />
    </Table>
</Customization>