<Customization level="0" description="">
    <GenericInquiryScreen>
        <data-set>
            <relations version="3" main-table="GIDesign">
                <link from="GIFilter (DesignID)" to="GIDesign (DesignID)" />
                <link from="GIGroupBy (DesignID)" to="GIDesign (DesignID)" />
                <link from="GIMassAction (DesignID)" to="GIDesign (DesignID)" />
                <link from="GIMassUpdateField (DesignID)" to="GIDesign (DesignID)" />
                <link from="GINavigationParameter (DesignID)" to="GIDesign (DesignID)" />
                <link from="GIOn (DesignID, RelationNbr)" to="GIRelation (DesignID, LineNbr)" />
                <link from="GIRecordDefault (DesignID)" to="GIDesign (DesignID)" />
                <link from="GIRelation (DesignID, ParentTable)" to="GITable (DesignID, Alias)" />
                <link from="GIRelation (DesignID, ChildTable)" to="GITable (DesignID, Alias)" />
                <link from="GIResult (DesignID)" to="GIDesign (DesignID)" />
                <link from="GIResult (ObjectName, DesignID)" to="GITable (Alias, DesignID)" />
                <link from="GISort (DesignID)" to="GIDesign (DesignID)" />
                <link from="GITable (DesignID)" to="GIDesign (DesignID)" />
                <link from="GIWhere (DesignID)" to="GIDesign (DesignID)" />
                <link from="SiteMap (NodeID)" to="GIDesign (DesignID)" linkname="toDesign" />
                <link from="SiteMap (NodeID)" to="GIDesign (PrimaryScreenID)" linkname="to1Screen" />
                <link from="ListEntryPoint (ListNodeID)" to="GIDesign (DesignID)" />
                <link from="SiteMap (NodeID)" to="SiteMap (ParentID)" type="WeakToParent" recursiveNesting="yes" />
                <link from="GIDesign (NoteID)" to="Note (NoteID)" type="Note" />
                <link from="GIFilter (NoteID)" to="Note (NoteID)" type="Note" />
                <link from="GIGroupBy (NoteID)" to="Note (NoteID)" type="Note" />
                <link from="GIOn (NoteID)" to="Note (NoteID)" type="Note" />
                <link from="GIRelation (NoteID)" to="Note (NoteID)" type="Note" />
                <link from="GIResult (NoteID)" to="Note (NoteID)" type="Note" />
                <link from="GISort (NoteID)" to="Note (NoteID)" type="Note" />
                <link from="GITable (NoteID)" to="Note (NoteID)" type="Note" />
                <link from="GIWhere (NoteID)" to="Note (NoteID)" type="Note" />
            </relations>
            <layout>
                <table name="GIDesign">
                    <table name="GIFilter" uplink="(DesignID) = (DesignID)">
                        <table name="Note" uplink="(NoteID) = (NoteID)" />
                    </table>
                    <table name="GIGroupBy" uplink="(DesignID) = (DesignID)">
                        <table name="Note" uplink="(NoteID) = (NoteID)" />
                    </table>
                    <table name="GIMassAction" uplink="(DesignID) = (DesignID)" />
                    <table name="GIMassUpdateField" uplink="(DesignID) = (DesignID)" />
                    <table name="GINavigationParameter" uplink="(DesignID) = (DesignID)" />
                    <table name="GIRecordDefault" uplink="(DesignID) = (DesignID)" />
                    <table name="GISort" uplink="(DesignID) = (DesignID)">
                        <table name="Note" uplink="(NoteID) = (NoteID)" />
                    </table>
                    <table name="GITable" uplink="(DesignID) = (DesignID)">
                        <table name="GIRelation" uplink="(DesignID, Alias) = (DesignID, ParentTable)">
                            <table name="GIOn" uplink="(DesignID, LineNbr) = (DesignID, RelationNbr)">
                                <table name="Note" uplink="(NoteID) = (NoteID)" />
                            </table>
                            <table name="Note" uplink="(NoteID) = (NoteID)" />
                        </table>
                        <table name="GIResult" uplink="(Alias, DesignID) = (ObjectName, DesignID)">
                            <table name="Note" uplink="(NoteID) = (NoteID)" />
                        </table>
                        <table name="Note" uplink="(NoteID) = (NoteID)" />
                    </table>
                    <table name="GIWhere" uplink="(DesignID) = (DesignID)">
                        <table name="Note" uplink="(NoteID) = (NoteID)" />
                    </table>
                    <table name="SiteMap" uplink="(DesignID) = (NodeID)" recursion="(NodeID) = (ParentID)" linkname="toDesign" />
                    <table name="SiteMap" uplink="(PrimaryScreenID) = (NodeID)" recursion="(NodeID) = (ParentID)" linkname="to1Screen" />
                    <table name="ListEntryPoint" uplink="(DesignID) = (ListNodeID)" />
                    <table name="Note" uplink="(NoteID) = (NoteID)" />
                </table>
            </layout>
            <data>
                <GIDesign>
                    <row DesignID="c116a457-8408-4267-98b3-341db3d445e0" Name="Open Rental Quotes" SelectTop="0" FilterColCount="3" PagerStyle="0" PageSize="0" PrimaryScreenAsPopup="0" NewRecordCreationEnabled="0" MassDeleteEnabled="0" AutoConfirmDelete="0" MassRecordsUpdateEnabled="0" MassActionsOnRecordsEnabled="0" ExposeViaOData="0">
                        <GISort LineNbr="1" IsActive="1" DataFieldName="SOOrder.orderNbr" SortOrder="A" />
                        <GITable Alias="SOOrder" Name="PX.Objects.SO.SOOrder">
                            <GIResult LineNbr="1" IsActive="1" IsKey="0" Field="orderNbr" IsVisible="1" SuppressNav="0" />
                            <GIResult LineNbr="2" IsActive="1" IsKey="0" Field="orderDate" IsVisible="1" SuppressNav="0" />
                            <GIResult LineNbr="3" IsActive="1" IsKey="0" Field="customerID_description" IsVisible="1" SuppressNav="0" />
                            <GIResult LineNbr="4" IsActive="1" IsKey="0" Field="customerOrderNbr" IsVisible="1" SuppressNav="0" />
                        </GITable>
                        <GIWhere LineNbr="1" IsActive="1" DataFieldName="SOOrder.orderType" Condition="E " IsExpression="0" Value1="RQ" Operation="A" />
                        <GIWhere LineNbr="2" IsActive="1" DataFieldName="SOOrder.cancelled" Condition="E " IsExpression="0" Value1="0" Operation="A" />
                        <GIWhere LineNbr="3" IsActive="1" DataFieldName="SOOrder.completed" Condition="E " IsExpression="0" Value1="0" Operation="A" />
                        <SiteMap linkname="toDesign">
                            <row Position="3" Title="Open Rental Quotes" Url="~/GenericInquiry/GenericInquiry.aspx?ID=c116a457-8408-4267-98b3-341db3d445e0" Expanded="0" IsFolder="0" ScreenID="GI000004" ParentID="e8edf2a2-fb1f-437c-b460-e31970115f3f">
                                <SiteMap Position="2" Title="Explore" Url="~/Frames/Default.aspx" Expanded="1" IsFolder="0" ScreenID="RS000070" NodeID="e8edf2a2-fb1f-437c-b460-e31970115f3f">
                                    <SiteMap Position="0" Title="Work Area" Description="main@DataEntryF" Url="~/Frames/Default.aspx" Expanded="1" IsFolder="0" ScreenID="RS000010" NodeID="a3bc0069-8c43-4ebe-9959-16c0d9f499c6">
                                        <SiteMap Position="0" Title="DynaRent" Url="~/Frames/Default.aspx" Expanded="1" IsFolder="0" ScreenID="RS000000" NodeID="021f2413-d605-47e5-828d-f41d19070dd1">
                                            <SiteMap Position="35" Title="DynaRent" Url="~/Frames/Default.aspx" Expanded="0" IsFolder="0" ScreenID="RS000000" NodeID="9a5b23d7-158a-4204-adb4-30fe851f74e7">
                                                <SiteMap Position="0" Title="Sitemap Root" Url="~/Frames/Default.aspx" Expanded="0" IsFolder="0" ScreenID="00000000" NodeID="00000000-0000-0000-0000-000000000000" />
                                                <SiteMap Position="0" Title="Sitemap Root" Url="~/Frames/Default.aspx" Expanded="0" IsFolder="0" ScreenID="00000000" NodeID="00000000-0000-0000-0000-000000000000" />
                                            </SiteMap>
                                            <SiteMap Position="35" Title="DynaRent" Url="~/Frames/Default.aspx" Expanded="0" IsFolder="0" ScreenID="RS000000" NodeID="9a5b23d7-158a-4204-adb4-30fe851f74e7">
                                                <SiteMap Position="0" Title="Sitemap Root" Url="~/Frames/Default.aspx" Expanded="0" IsFolder="0" ScreenID="00000000" NodeID="00000000-0000-0000-0000-000000000000" />
                                                <SiteMap Position="0" Title="Sitemap Root" Url="~/Frames/Default.aspx" Expanded="0" IsFolder="0" ScreenID="00000000" NodeID="00000000-0000-0000-0000-000000000000" />
                                            </SiteMap>
                                        </SiteMap>
                                        <SiteMap Position="0" Title="DynaRent" Url="~/Frames/Default.aspx" Expanded="1" IsFolder="0" ScreenID="RS000000" NodeID="021f2413-d605-47e5-828d-f41d19070dd1">
                                            <SiteMap Position="35" Title="DynaRent" Url="~/Frames/Default.aspx" Expanded="0" IsFolder="0" ScreenID="RS000000" NodeID="9a5b23d7-158a-4204-adb4-30fe851f74e7">
                                                <SiteMap Position="0" Title="Sitemap Root" Url="~/Frames/Default.aspx" Expanded="0" IsFolder="0" ScreenID="00000000" NodeID="00000000-0000-0000-0000-000000000000" />
                                                <SiteMap Position="0" Title="Sitemap Root" Url="~/Frames/Default.aspx" Expanded="0" IsFolder="0" ScreenID="00000000" NodeID="00000000-0000-0000-0000-000000000000" />
                                            </SiteMap>
                                            <SiteMap Position="35" Title="DynaRent" Url="~/Frames/Default.aspx" Expanded="0" IsFolder="0" ScreenID="RS000000" NodeID="9a5b23d7-158a-4204-adb4-30fe851f74e7">
                                                <SiteMap Position="0" Title="Sitemap Root" Url="~/Frames/Default.aspx" Expanded="0" IsFolder="0" ScreenID="00000000" NodeID="00000000-0000-0000-0000-000000000000" />
                                                <SiteMap Position="0" Title="Sitemap Root" Url="~/Frames/Default.aspx" Expanded="0" IsFolder="0" ScreenID="00000000" NodeID="00000000-0000-0000-0000-000000000000" />
                                            </SiteMap>
                                        </SiteMap>
                                    </SiteMap>
                                    <SiteMap Position="0" Title="Work Area" Description="main@DataEntryF" Url="~/Frames/Default.aspx" Expanded="1" IsFolder="0" ScreenID="RS000010" NodeID="a3bc0069-8c43-4ebe-9959-16c0d9f499c6">
                                        <SiteMap Position="0" Title="DynaRent" Url="~/Frames/Default.aspx" Expanded="1" IsFolder="0" ScreenID="RS000000" NodeID="021f2413-d605-47e5-828d-f41d19070dd1">
                                            <SiteMap Position="35" Title="DynaRent" Url="~/Frames/Default.aspx" Expanded="0" IsFolder="0" ScreenID="RS000000" NodeID="9a5b23d7-158a-4204-adb4-30fe851f74e7">
                                                <SiteMap Position="0" Title="Sitemap Root" Url="~/Frames/Default.aspx" Expanded="0" IsFolder="0" ScreenID="00000000" NodeID="00000000-0000-0000-0000-000000000000" />
                                                <SiteMap Position="0" Title="Sitemap Root" Url="~/Frames/Default.aspx" Expanded="0" IsFolder="0" ScreenID="00000000" NodeID="00000000-0000-0000-0000-000000000000" />
                                            </SiteMap>
                                            <SiteMap Position="35" Title="DynaRent" Url="~/Frames/Default.aspx" Expanded="0" IsFolder="0" ScreenID="RS000000" NodeID="9a5b23d7-158a-4204-adb4-30fe851f74e7">
                                                <SiteMap Position="0" Title="Sitemap Root" Url="~/Frames/Default.aspx" Expanded="0" IsFolder="0" ScreenID="00000000" NodeID="00000000-0000-0000-0000-000000000000" />
                                                <SiteMap Position="0" Title="Sitemap Root" Url="~/Frames/Default.aspx" Expanded="0" IsFolder="0" ScreenID="00000000" NodeID="00000000-0000-0000-0000-000000000000" />
                                            </SiteMap>
                                        </SiteMap>
                                        <SiteMap Position="0" Title="DynaRent" Url="~/Frames/Default.aspx" Expanded="1" IsFolder="0" ScreenID="RS000000" NodeID="021f2413-d605-47e5-828d-f41d19070dd1">
                                            <SiteMap Position="35" Title="DynaRent" Url="~/Frames/Default.aspx" Expanded="0" IsFolder="0" ScreenID="RS000000" NodeID="9a5b23d7-158a-4204-adb4-30fe851f74e7">
                                                <SiteMap Position="0" Title="Sitemap Root" Url="~/Frames/Default.aspx" Expanded="0" IsFolder="0" ScreenID="00000000" NodeID="00000000-0000-0000-0000-000000000000" />
                                                <SiteMap Position="0" Title="Sitemap Root" Url="~/Frames/Default.aspx" Expanded="0" IsFolder="0" ScreenID="00000000" NodeID="00000000-0000-0000-0000-000000000000" />
                                            </SiteMap>
                                            <SiteMap Position="35" Title="DynaRent" Url="~/Frames/Default.aspx" Expanded="0" IsFolder="0" ScreenID="RS000000" NodeID="9a5b23d7-158a-4204-adb4-30fe851f74e7">
                                                <SiteMap Position="0" Title="Sitemap Root" Url="~/Frames/Default.aspx" Expanded="0" IsFolder="0" ScreenID="00000000" NodeID="00000000-0000-0000-0000-000000000000" />
                                                <SiteMap Position="0" Title="Sitemap Root" Url="~/Frames/Default.aspx" Expanded="0" IsFolder="0" ScreenID="00000000" NodeID="00000000-0000-0000-0000-000000000000" />
                                            </SiteMap>
                                        </SiteMap>
                                    </SiteMap>
                                </SiteMap>
                                <SiteMap Position="2" Title="Explore" Url="~/Frames/Default.aspx" Expanded="1" IsFolder="0" ScreenID="RS000070" NodeID="e8edf2a2-fb1f-437c-b460-e31970115f3f">
                                    <SiteMap Position="0" Title="Work Area" Description="main@DataEntryF" Url="~/Frames/Default.aspx" Expanded="1" IsFolder="0" ScreenID="RS000010" NodeID="a3bc0069-8c43-4ebe-9959-16c0d9f499c6">
                                        <SiteMap Position="0" Title="DynaRent" Url="~/Frames/Default.aspx" Expanded="1" IsFolder="0" ScreenID="RS000000" NodeID="021f2413-d605-47e5-828d-f41d19070dd1">
                                            <SiteMap Position="35" Title="DynaRent" Url="~/Frames/Default.aspx" Expanded="0" IsFolder="0" ScreenID="RS000000" NodeID="9a5b23d7-158a-4204-adb4-30fe851f74e7">
                                                <SiteMap Position="0" Title="Sitemap Root" Url="~/Frames/Default.aspx" Expanded="0" IsFolder="0" ScreenID="00000000" NodeID="00000000-0000-0000-0000-000000000000" />
                                                <SiteMap Position="0" Title="Sitemap Root" Url="~/Frames/Default.aspx" Expanded="0" IsFolder="0" ScreenID="00000000" NodeID="00000000-0000-0000-0000-000000000000" />
                                            </SiteMap>
                                            <SiteMap Position="35" Title="DynaRent" Url="~/Frames/Default.aspx" Expanded="0" IsFolder="0" ScreenID="RS000000" NodeID="9a5b23d7-158a-4204-adb4-30fe851f74e7">
                                                <SiteMap Position="0" Title="Sitemap Root" Url="~/Frames/Default.aspx" Expanded="0" IsFolder="0" ScreenID="00000000" NodeID="00000000-0000-0000-0000-000000000000" />
                                                <SiteMap Position="0" Title="Sitemap Root" Url="~/Frames/Default.aspx" Expanded="0" IsFolder="0" ScreenID="00000000" NodeID="00000000-0000-0000-0000-000000000000" />
                                            </SiteMap>
                                        </SiteMap>
                                        <SiteMap Position="0" Title="DynaRent" Url="~/Frames/Default.aspx" Expanded="1" IsFolder="0" ScreenID="RS000000" NodeID="021f2413-d605-47e5-828d-f41d19070dd1">
                                            <SiteMap Position="35" Title="DynaRent" Url="~/Frames/Default.aspx" Expanded="0" IsFolder="0" ScreenID="RS000000" NodeID="9a5b23d7-158a-4204-adb4-30fe851f74e7">
                                                <SiteMap Position="0" Title="Sitemap Root" Url="~/Frames/Default.aspx" Expanded="0" IsFolder="0" ScreenID="00000000" NodeID="00000000-0000-0000-0000-000000000000" />
                                                <SiteMap Position="0" Title="Sitemap Root" Url="~/Frames/Default.aspx" Expanded="0" IsFolder="0" ScreenID="00000000" NodeID="00000000-0000-0000-0000-000000000000" />
                                            </SiteMap>
                                            <SiteMap Position="35" Title="DynaRent" Url="~/Frames/Default.aspx" Expanded="0" IsFolder="0" ScreenID="RS000000" NodeID="9a5b23d7-158a-4204-adb4-30fe851f74e7">
                                                <SiteMap Position="0" Title="Sitemap Root" Url="~/Frames/Default.aspx" Expanded="0" IsFolder="0" ScreenID="00000000" NodeID="00000000-0000-0000-0000-000000000000" />
                                                <SiteMap Position="0" Title="Sitemap Root" Url="~/Frames/Default.aspx" Expanded="0" IsFolder="0" ScreenID="00000000" NodeID="00000000-0000-0000-0000-000000000000" />
                                            </SiteMap>
                                        </SiteMap>
                                    </SiteMap>
                                    <SiteMap Position="0" Title="Work Area" Description="main@DataEntryF" Url="~/Frames/Default.aspx" Expanded="1" IsFolder="0" ScreenID="RS000010" NodeID="a3bc0069-8c43-4ebe-9959-16c0d9f499c6">
                                        <SiteMap Position="0" Title="DynaRent" Url="~/Frames/Default.aspx" Expanded="1" IsFolder="0" ScreenID="RS000000" NodeID="021f2413-d605-47e5-828d-f41d19070dd1">
                                            <SiteMap Position="35" Title="DynaRent" Url="~/Frames/Default.aspx" Expanded="0" IsFolder="0" ScreenID="RS000000" NodeID="9a5b23d7-158a-4204-adb4-30fe851f74e7">
                                                <SiteMap Position="0" Title="Sitemap Root" Url="~/Frames/Default.aspx" Expanded="0" IsFolder="0" ScreenID="00000000" NodeID="00000000-0000-0000-0000-000000000000" />
                                                <SiteMap Position="0" Title="Sitemap Root" Url="~/Frames/Default.aspx" Expanded="0" IsFolder="0" ScreenID="00000000" NodeID="00000000-0000-0000-0000-000000000000" />
                                            </SiteMap>
                                            <SiteMap Position="35" Title="DynaRent" Url="~/Frames/Default.aspx" Expanded="0" IsFolder="0" ScreenID="RS000000" NodeID="9a5b23d7-158a-4204-adb4-30fe851f74e7">
                                                <SiteMap Position="0" Title="Sitemap Root" Url="~/Frames/Default.aspx" Expanded="0" IsFolder="0" ScreenID="00000000" NodeID="00000000-0000-0000-0000-000000000000" />
                                                <SiteMap Position="0" Title="Sitemap Root" Url="~/Frames/Default.aspx" Expanded="0" IsFolder="0" ScreenID="00000000" NodeID="00000000-0000-0000-0000-000000000000" />
                                            </SiteMap>
                                        </SiteMap>
                                        <SiteMap Position="0" Title="DynaRent" Url="~/Frames/Default.aspx" Expanded="1" IsFolder="0" ScreenID="RS000000" NodeID="021f2413-d605-47e5-828d-f41d19070dd1">
                                            <SiteMap Position="35" Title="DynaRent" Url="~/Frames/Default.aspx" Expanded="0" IsFolder="0" ScreenID="RS000000" NodeID="9a5b23d7-158a-4204-adb4-30fe851f74e7">
                                                <SiteMap Position="0" Title="Sitemap Root" Url="~/Frames/Default.aspx" Expanded="0" IsFolder="0" ScreenID="00000000" NodeID="00000000-0000-0000-0000-000000000000" />
                                                <SiteMap Position="0" Title="Sitemap Root" Url="~/Frames/Default.aspx" Expanded="0" IsFolder="0" ScreenID="00000000" NodeID="00000000-0000-0000-0000-000000000000" />
                                            </SiteMap>
                                            <SiteMap Position="35" Title="DynaRent" Url="~/Frames/Default.aspx" Expanded="0" IsFolder="0" ScreenID="RS000000" NodeID="9a5b23d7-158a-4204-adb4-30fe851f74e7">
                                                <SiteMap Position="0" Title="Sitemap Root" Url="~/Frames/Default.aspx" Expanded="0" IsFolder="0" ScreenID="00000000" NodeID="00000000-0000-0000-0000-000000000000" />
                                                <SiteMap Position="0" Title="Sitemap Root" Url="~/Frames/Default.aspx" Expanded="0" IsFolder="0" ScreenID="00000000" NodeID="00000000-0000-0000-0000-000000000000" />
                                            </SiteMap>
                                        </SiteMap>
                                    </SiteMap>
                                </SiteMap>
                            </row>
                        </SiteMap>
                    </row>
                </GIDesign>
            </data>
        </data-set>
    </GenericInquiryScreen>
</Customization>